-- MySQL dump 10.13  Distrib 8.0.32, for Win64 (x86_64)
--
-- Host: localhost    Database: eondrive
-- ------------------------------------------------------
-- Server version	8.0.32

/*!40101 SET @OLD_CHARACTER_SET_CLIENT=@@CHARACTER_SET_CLIENT */;
/*!40101 SET @OLD_CHARACTER_SET_RESULTS=@@CHARACTER_SET_RESULTS */;
/*!40101 SET @OLD_COLLATION_CONNECTION=@@COLLATION_CONNECTION */;
/*!50503 SET NAMES utf8mb4 */;
/*!40103 SET @OLD_TIME_ZONE=@@TIME_ZONE */;
/*!40103 SET TIME_ZONE='+00:00' */;
/*!40014 SET @OLD_UNIQUE_CHECKS=@@UNIQUE_CHECKS, UNIQUE_CHECKS=0 */;
/*!40014 SET @OLD_FOREIGN_KEY_CHECKS=@@FOREIGN_KEY_CHECKS, FOREIGN_KEY_CHECKS=0 */;
/*!40101 SET @OLD_SQL_MODE=@@SQL_MODE, SQL_MODE='NO_AUTO_VALUE_ON_ZERO' */;
/*!40111 SET @OLD_SQL_NOTES=@@SQL_NOTES, SQL_NOTES=0 */;

--
-- Table structure for table `ff`
--

DROP TABLE IF EXISTS `ff`;
/*!40101 SET @saved_cs_client     = @@character_set_client */;
/*!50503 SET character_set_client = utf8mb4 */;
CREATE TABLE `ff` (
  `id` bigint unsigned NOT NULL AUTO_INCREMENT,
  `parent_id` bigint unsigned NOT NULL DEFAULT '0',
  `name` varchar(255) COLLATE utf8mb4_0900_bin NOT NULL,
  `type` varchar(6) COLLATE utf8mb4_0900_bin NOT NULL,
  `user_id` bigint unsigned NOT NULL,
  `upd_status` varchar(10) COLLATE utf8mb4_0900_bin NOT NULL,
  `upd_token` varchar(36) COLLATE utf8mb4_0900_bin DEFAULT NULL,
  `is_delete` tinyint NOT NULL DEFAULT '0',
  `share_token` varchar(15) COLLATE utf8mb4_0900_bin DEFAULT NULL,
  `is_public` tinyint NOT NULL DEFAULT '0',
  `created_at` timestamp NOT NULL,
  `updated_at` timestamp NOT NULL,
  PRIMARY KEY (`id`),
  UNIQUE KEY `share_token` (`share_token`),
  KEY `parent_id` (`parent_id`),
  KEY `user_id` (`user_id`),
  CONSTRAINT `ff_ibfk_1` FOREIGN KEY (`user_id`) REFERENCES `user` (`id`) ON DELETE CASCADE
) ENGINE=InnoDB AUTO_INCREMENT=400 DEFAULT CHARSET=utf8mb4 COLLATE=utf8mb4_0900_bin;
/*!40101 SET character_set_client = @saved_cs_client */;

--
-- Dumping data for table `ff`
--

LOCK TABLES `ff` WRITE;
/*!40000 ALTER TABLE `ff` DISABLE KEYS */;
INSERT INTO `ff` VALUES (1,0,'pic','folder',1,'done',NULL,0,NULL,0,'2023-04-19 19:05:10','2023-04-21 07:59:10'),(2,1,'mountain','folder',1,'done',NULL,0,NULL,0,'2023-04-19 19:05:10','2023-04-21 07:59:10'),(6,1,'galaxy','folder',1,'done',NULL,0,NULL,0,'2023-04-19 19:05:13','2023-04-21 07:59:10'),(9,1,'beach','folder',1,'done',NULL,0,NULL,0,'2023-04-19 19:05:14','2023-04-21 07:59:10'),(16,0,'js_prac','folder',1,'done',NULL,0,NULL,0,'2023-04-19 19:05:30','2023-04-19 19:05:30'),(17,16,'flat','folder',1,'done',NULL,0,NULL,0,'2023-04-19 19:06:04','2023-05-03 20:51:00'),(18,17,'flat.js','file',1,'done',NULL,0,NULL,0,'2023-04-19 19:06:04','2023-05-03 20:51:00'),(20,16,'linked_list','folder',1,'done',NULL,0,'EXDxYSiOjb1G8qs',0,'2023-04-19 19:06:12','2023-04-19 19:06:12'),(21,20,'LinkedList.js','file',1,'done',NULL,0,NULL,0,'2023-04-19 19:06:12','2023-04-19 19:06:12'),(30,0,'test','folder',1,'done',NULL,0,'nEtuAO1RKNl3T1Z',1,'2023-04-19 23:02:47','2023-04-19 23:02:47'),(31,30,'smokingrate.txt','file',1,'done',NULL,0,NULL,0,'2023-04-19 23:03:02','2023-04-19 23:03:02'),(32,30,'deepcopy','folder',1,'done',NULL,0,NULL,0,'2023-04-19 23:03:02','2023-04-19 23:03:02'),(37,30,'linked-list','folder',1,'done',NULL,0,NULL,0,'2023-04-19 23:03:03','2023-04-19 23:03:03'),(38,37,'LinkedList.js','file',1,'done',NULL,0,NULL,0,'2023-04-19 23:03:03','2023-04-19 23:03:03'),(39,30,'array','folder',1,'done',NULL,0,NULL,0,'2023-04-19 23:06:43','2023-04-19 23:06:43'),(40,39,'flat.js','file',1,'done',NULL,0,NULL,0,'2023-04-19 23:06:43','2023-04-19 23:06:43'),(41,39,'map.js','file',1,'done',NULL,0,NULL,0,'2023-04-19 23:06:44','2023-04-28 18:38:16'),(42,39,'slice.js','file',1,'done',NULL,0,NULL,0,'2023-04-19 23:06:44','2023-04-19 23:06:44'),(43,30,'oop_talk.txt','file',1,'done',NULL,0,NULL,0,'2023-04-19 23:07:05','2023-05-04 07:26:10'),(44,30,'temp.txt','file',1,'done',NULL,0,NULL,0,'2023-04-19 23:07:05','2023-05-03 20:49:42'),(45,0,'Swagger','folder',2,'done',NULL,0,NULL,0,'2023-04-19 23:34:18','2023-04-19 23:34:18'),(54,16,'data.js','file',1,'done',NULL,0,NULL,0,'2023-04-21 05:53:24','2023-05-03 20:51:00'),(55,0,'topic','folder',3,'done',NULL,0,NULL,0,'2023-04-21 08:15:25','2023-04-21 08:15:25'),(56,55,'linked-list','folder',3,'done',NULL,0,NULL,0,'2023-04-21 08:15:37','2023-04-21 08:15:37'),(57,56,'LinkedList.js','file',3,'done',NULL,0,NULL,0,'2023-04-21 08:15:37','2023-04-21 08:15:37'),(58,55,'array','folder',3,'done',NULL,0,NULL,0,'2023-04-21 08:15:38','2023-04-21 08:15:38'),(59,58,'flat.js','file',3,'done',NULL,0,NULL,0,'2023-04-21 08:15:38','2023-04-21 08:15:38'),(60,58,'map.js','file',3,'done',NULL,0,NULL,0,'2023-04-21 08:15:38','2023-04-21 08:15:38'),(61,58,'slice.js','file',3,'done',NULL,0,NULL,0,'2023-04-21 08:15:38','2023-04-21 08:15:38'),(62,55,'traffic_incident.txt','file',3,'done',NULL,0,NULL,0,'2023-04-21 08:15:42','2023-04-21 08:15:42'),(63,55,'suicide.txt','file',3,'done',NULL,0,'4CJqtjxnGSl4VWD',1,'2023-04-21 08:15:42','2023-04-21 08:15:42'),(68,0,'pic','folder',3,'done',NULL,0,NULL,0,'2023-04-21 08:28:36','2023-04-21 08:28:36'),(69,68,'icon','folder',3,'done',NULL,0,NULL,0,'2023-04-21 08:28:44','2023-04-21 08:28:44'),(70,69,'blink.png','file',3,'done',NULL,0,NULL,0,'2023-04-21 08:28:51','2023-04-21 08:28:51'),(71,69,'checked.png','file',3,'done',NULL,0,NULL,0,'2023-04-21 08:28:52','2023-04-21 08:28:52'),(72,69,'crown.png','file',3,'done',NULL,0,NULL,0,'2023-04-21 08:28:52','2023-04-21 08:28:52'),(84,9,'beach4.jpg','file',1,'done',NULL,0,NULL,0,'2023-04-23 01:40:58','2023-04-23 01:40:58'),(91,0,'SCREENSHOT','folder',233,'done',NULL,0,NULL,0,'2023-04-23 08:52:29','2023-04-23 08:52:29'),(92,91,'20230424T002013_005.jpg','file',233,'done',NULL,0,NULL,0,'2023-04-23 08:52:40','2023-04-23 08:52:40'),(96,0,'test','folder',2,'done',NULL,0,NULL,0,'2023-04-23 23:50:40','2023-04-23 23:50:40'),(97,96,'abc.txt','file',2,'done',NULL,0,'fqEQRZh7zoiSv3A',0,'2023-04-23 23:50:51','2023-04-23 23:50:51'),(98,96,'efg.txt','file',2,'done',NULL,0,NULL,0,'2023-04-23 23:50:52','2023-04-23 23:50:52'),(99,96,'bb','folder',2,'done',NULL,0,NULL,0,'2023-04-24 00:10:26','2023-04-24 00:10:26'),(100,99,'bbb','folder',2,'done',NULL,0,'O0iTY9TOym0qFLC',1,'2023-04-24 00:10:26','2023-04-24 00:10:26'),(101,100,'bbb_abc.txt','file',2,'done',NULL,0,NULL,0,'2023-04-24 00:10:26','2023-04-24 00:10:26'),(102,100,'bbb_edf.txt','file',2,'done',NULL,0,NULL,0,'2023-04-24 00:10:26','2023-04-24 00:10:26'),(103,99,'bb_abc.txt','file',2,'done',NULL,0,NULL,0,'2023-04-24 00:10:26','2023-04-24 00:10:26'),(104,99,'bb_edf.txt','file',2,'done',NULL,0,NULL,0,'2023-04-24 00:10:27','2023-04-24 00:10:27'),(105,17,'flat_test.js','file',1,'done',NULL,0,NULL,0,'2023-04-24 01:47:32','2023-05-03 20:51:00'),(107,0,'日出','folder',1,'done',NULL,0,NULL,0,'2023-04-24 08:09:18','2023-04-24 08:09:18'),(108,107,'DSC_1638.JPG','file',1,'done',NULL,0,'OSJBSNprNin3WcN',0,'2023-04-24 08:09:36','2023-04-24 08:09:36'),(112,107,'DSC_1228.JPG','file',1,'done',NULL,0,'GTPrQDPJdeOGsMC',1,'2023-04-24 23:39:27','2023-04-26 08:58:50'),(113,107,'DSC_0006.JPG','file',1,'done',NULL,0,NULL,0,'2023-04-25 00:04:21','2023-04-29 08:02:23'),(116,107,'DSC_1227.JPG','file',1,'done',NULL,0,'2ubTnIPLhXoZJtp',0,'2023-04-25 01:38:18','2023-04-25 01:38:18'),(144,0,'test2.txt','file',1,'done',NULL,0,'aKK75yJL4EpUvpJ',0,'2023-04-25 17:57:32','2023-05-04 01:40:16'),(155,30,'mediummediumlengthname.txt','file',1,'done',NULL,0,NULL,0,'2023-04-25 23:53:37','2023-04-25 23:53:37'),(156,0,'test1.txt','file',2,'done',NULL,0,'5OUsdZktBsFuRgG',1,'2023-04-26 00:22:53','2023-04-26 01:04:56'),(157,0,'test2.txt','file',2,'done',NULL,0,NULL,0,'2023-04-26 00:23:27','2023-05-01 01:25:09'),(158,0,'test3.txt','file',2,'done',NULL,0,NULL,0,'2023-04-26 00:24:02','2023-04-26 01:04:56'),(165,16,'thread','folder',1,'done',NULL,0,NULL,0,'2023-04-26 07:50:07','2023-04-26 07:50:07'),(166,30,'fakeemail.csv','file',1,'done',NULL,0,NULL,0,'2023-04-26 07:56:50','2023-05-04 07:25:14'),(167,30,'測試.txt','file',1,'done',NULL,1,NULL,0,'2023-04-26 07:57:03','2023-05-03 21:16:52'),(168,30,'bbb','folder',1,'done',NULL,0,NULL,0,'2023-04-26 07:57:15','2023-04-26 07:57:15'),(169,168,'bbb_abc.txt','file',1,'done',NULL,0,NULL,0,'2023-04-26 07:57:15','2023-04-26 07:57:15'),(170,168,'bbb_edf.txt','file',1,'done',NULL,0,NULL,0,'2023-04-26 07:57:16','2023-04-26 07:57:16'),(171,0,'測試','folder',3,'done',NULL,0,NULL,0,'2023-04-26 08:14:48','2023-04-26 08:14:48'),(179,171,'中文2.txt','file',3,'done',NULL,0,NULL,0,'2023-04-26 08:52:17','2023-04-26 08:52:17'),(180,30,'bbb_abc.txt','file',1,'done',NULL,0,NULL,0,'2023-04-26 09:00:45','2023-04-26 09:00:45'),(181,30,'bootstrap_basics.pdf','file',1,'done',NULL,0,NULL,0,'2023-04-26 09:01:12','2023-04-26 09:01:12'),(182,0,'RoadToDataScientist1.png','file',235,'done',NULL,0,NULL,0,'2023-04-26 19:58:33','2023-04-26 20:12:46'),(183,0,'C_handout.pdf','file',235,'done',NULL,0,NULL,0,'2023-04-26 20:30:00','2023-05-01 02:04:07'),(187,0,'【 Q&A 問答精華整理－概念篇 】.pdf','file',235,'done',NULL,1,NULL,0,'2023-04-26 20:44:24','2023-05-01 02:04:01'),(188,0,'test2inside','folder',235,'done',NULL,0,NULL,0,'2023-04-26 21:16:52','2023-04-26 21:23:37'),(195,0,'bb_edf.txt','file',234,'done',NULL,0,'UV56VmlzwqVNtWe',0,'2023-04-26 23:18:05','2023-04-26 23:18:05'),(196,0,'beach','folder',234,'done',NULL,0,NULL,0,'2023-04-26 23:18:24','2023-04-26 23:18:24'),(197,196,'beach1.jpg','file',234,'done',NULL,0,NULL,0,'2023-04-26 23:18:24','2023-04-26 23:18:24'),(198,196,'beach2.jpg','file',234,'done',NULL,0,NULL,0,'2023-04-26 23:18:24','2023-04-26 23:18:24'),(199,196,'beach3.jpg','file',234,'done',NULL,0,NULL,0,'2023-04-26 23:18:24','2023-04-26 23:18:24'),(202,0,'中文1.txt','file',235,'done',NULL,0,'ebC8TyKFZyPxtLw',0,'2023-04-26 23:27:52','2023-04-26 23:27:52'),(206,0,'中文1.txt','file',234,'done',NULL,0,NULL,0,'2023-04-27 00:14:23','2023-04-27 00:40:36'),(208,196,'beach4.jpg','file',234,'done',NULL,0,NULL,0,'2023-04-27 08:45:32','2023-04-27 08:45:32'),(210,0,'doc','folder',1,'done',NULL,0,NULL,0,'2023-04-27 22:05:24','2023-04-27 22:05:24'),(211,168,'bb','folder',1,'done',NULL,0,NULL,0,'2023-04-28 02:04:47','2023-04-28 02:04:47'),(212,211,'talk1.txt','file',1,'done',NULL,0,NULL,0,'2023-04-28 02:04:59','2023-04-28 18:40:10'),(213,211,'talk2.txt','file',1,'done',NULL,1,NULL,0,'2023-04-28 02:05:00','2023-05-03 21:17:02'),(214,30,'test1.txt','file',1,'done',NULL,0,NULL,0,'2023-04-28 08:36:19','2023-04-28 08:38:50'),(215,0,'中文1.txt','file',1,'done',NULL,0,NULL,0,'2023-04-28 08:42:49','2023-05-07 01:45:24'),(217,210,'YYY','folder',1,'done',NULL,0,NULL,0,'2023-04-28 09:18:57','2023-04-28 09:18:57'),(219,0,'TEST','folder',234,'done',NULL,0,NULL,0,'2023-04-28 22:45:20','2023-04-28 22:45:20'),(226,188,'test1.docx','file',235,'done',NULL,0,NULL,0,'2023-04-28 23:09:08','2023-04-28 23:09:08'),(227,0,'aaa','folder',235,'done',NULL,0,NULL,0,'2023-04-28 23:30:59','2023-04-28 23:30:59'),(234,188,'中文1.txt','file',235,'done',NULL,0,NULL,0,'2023-04-29 00:47:16','2023-04-29 00:47:16'),(235,0,'中文2.txt','file',235,'done',NULL,1,NULL,0,'2023-04-29 01:58:27','2023-05-01 02:03:35'),(236,0,'test2.txt','file',235,'done',NULL,0,NULL,0,'2023-04-29 01:59:00','2023-04-29 01:59:00'),(237,32,'shallowCopy.js','file',1,'done',NULL,0,NULL,0,'2023-04-29 07:18:43','2023-04-29 07:18:43'),(238,32,'lodash.js','file',1,'done',NULL,0,NULL,0,'2023-04-29 07:19:48','2023-04-29 07:19:48'),(239,210,'test1.txt','file',1,'done',NULL,0,NULL,0,'2023-04-29 19:47:52','2023-05-03 21:04:19'),(252,219,'test1.txt','file',234,'done',NULL,0,NULL,0,'2023-04-30 01:12:46','2023-04-30 01:12:46'),(254,0,'DB_schema.png','file',235,'done',NULL,0,NULL,0,'2023-04-30 01:41:04','2023-05-01 01:30:29'),(256,227,'bbb','folder',235,'done',NULL,0,NULL,0,'2023-05-01 07:02:57','2023-05-01 07:02:57'),(257,210,'test2.txt','file',1,'done',NULL,0,NULL,0,'2023-05-01 07:31:54','2023-05-01 07:31:54'),(258,210,'wallpaper-1252869.jpg','file',1,'done',NULL,0,'JvcdFZVi8xw6oKn',0,'2023-05-01 07:34:09','2023-05-03 21:05:14'),(259,0,'plot_age_c.pdf','file',1,'done',NULL,0,NULL,0,'2023-05-01 07:35:19','2023-05-03 21:05:59'),(260,217,'test1.docx','file',1,'done',NULL,0,NULL,0,'2023-05-01 07:38:50','2023-05-01 07:38:50'),(263,0,'web color finding.jpg','file',237,'done',NULL,0,'WRwbwOgV2p7tMcQ',0,'2023-05-01 21:12:21','2023-05-01 21:12:21'),(264,0,'fakeemail.csv','file',238,'done',NULL,0,'XzBl1fMW5PyMPMQ',0,'2023-05-01 21:18:13','2023-05-01 21:18:13'),(265,0,'treehouse_profile.json','file',239,'done',NULL,1,NULL,0,'2023-05-01 23:25:28','2023-05-01 23:26:06'),(272,171,'blank','folder',3,'done',NULL,0,NULL,0,'2023-05-03 01:41:40','2023-05-03 01:41:40'),(273,272,'aaa','folder',3,'done',NULL,0,NULL,0,'2023-05-03 01:49:33','2023-05-03 01:49:33'),(274,171,'topic','folder',3,'done',NULL,0,NULL,0,'2023-05-03 05:47:33','2023-05-03 05:47:33'),(275,274,'cat_20230422.jpeg','file',3,'done',NULL,0,NULL,0,'2023-05-03 05:47:53','2023-05-03 05:47:53'),(276,217,'samename1','folder',1,'done',NULL,0,NULL,0,'2023-05-03 08:06:42','2023-05-03 08:06:42'),(277,276,'abc','folder',1,'done',NULL,0,NULL,0,'2023-05-03 08:06:42','2023-05-03 16:54:56'),(278,277,'TXT1.txt','file',1,'done',NULL,0,NULL,0,'2023-05-03 08:06:42','2023-05-03 16:54:56'),(279,277,'TXT2.txt','file',1,'done',NULL,0,NULL,0,'2023-05-03 08:06:43','2023-05-03 16:54:56'),(280,0,'linux','folder',1,'done',NULL,0,NULL,0,'2023-05-03 17:38:35','2023-05-03 17:38:35'),(281,280,'docker-multistage.png','file',1,'done',NULL,0,NULL,0,'2023-05-03 17:39:13','2023-05-03 21:15:33'),(305,280,'linux.mov','file',1,'done',NULL,0,NULL,0,'2023-05-03 18:21:33','2023-05-03 18:21:33'),(310,280,'commands','folder',1,'done',NULL,0,NULL,0,'2023-05-03 21:31:55','2023-05-03 21:31:55'),(311,217,'test1 (1).txt','file',1,'done',NULL,1,NULL,0,'2023-05-04 02:27:37','2023-05-04 07:25:08'),(312,217,'test1 [1].txt','file',1,'done',NULL,0,NULL,0,'2023-05-04 02:27:41','2023-05-04 02:27:41'),(313,217,'test1+1.txt','file',1,'done',NULL,0,NULL,0,'2023-05-04 02:27:45','2023-05-04 02:27:45'),(315,274,'StatsLearning+Lect6e+110613.mp4','file',3,'done',NULL,0,NULL,0,'2023-05-04 08:22:54','2023-05-04 08:22:54'),(316,274,'StatsLearning+Lect11b+110913.mp4','file',3,'done',NULL,0,NULL,0,'2023-05-04 08:23:14','2023-05-04 08:23:14'),(317,274,'An Introduction to Statistical Learning with Applications in R.pdf','file',3,'done',NULL,1,NULL,0,'2023-05-04 08:26:20','2023-05-06 05:16:57'),(318,274,'Using R for Intorductory Statistics.pdf','file',3,'done',NULL,0,NULL,0,'2023-05-04 08:28:55','2023-05-04 08:28:55'),(329,0,'StatsLearning+Lect6f+111113new.mp4','file',2,'done',NULL,0,NULL,0,'2023-05-04 19:21:12','2023-05-05 10:14:08'),(330,0,'StatsLearning+Lect12e+111113.mp4','file',233,'done',NULL,0,NULL,0,'2023-05-04 19:24:32','2023-05-04 23:41:44'),(333,0,'a.txt','file',233,'done',NULL,0,'C83g6n6sd2I2CoP',1,'2023-05-04 21:05:37','2023-05-04 22:36:46'),(335,0,'b.txt','file',233,'done',NULL,0,NULL,0,'2023-05-04 21:42:12','2023-05-04 23:29:12'),(337,0,'Using R for Intorductory Statistics.pdf','file',233,'done',NULL,0,NULL,0,'2023-05-04 21:46:07','2023-05-04 22:37:04'),(338,0,'An Introduction to Statistical Learning with Applications in R.pdf','file',233,'done',NULL,0,NULL,0,'2023-05-04 21:49:42','2023-05-04 21:49:42'),(339,91,'plot_age_c1.pdf','file',233,'done',NULL,0,NULL,0,'2023-05-04 22:59:13','2023-05-04 22:59:13'),(340,91,'plot_notification_c1.pdf','file',233,'done',NULL,0,NULL,0,'2023-05-04 22:59:14','2023-05-04 22:59:14'),(341,91,'plot_age_c.pdf','file',233,'done',NULL,0,NULL,0,'2023-05-04 22:59:15','2023-05-04 22:59:15'),(342,91,'plot_notification_(c).pdf','file',233,'done',NULL,0,NULL,0,'2023-05-04 22:59:16','2023-05-04 22:59:16'),(343,0,'array_method','folder',233,'done',NULL,0,NULL,0,'2023-05-04 23:01:14','2023-05-04 23:29:12'),(344,343,'addAndRemove.js','file',233,'done',NULL,0,NULL,0,'2023-05-04 23:01:14','2023-05-04 23:29:12'),(349,343,'flat','folder',233,'done',NULL,1,NULL,0,'2023-05-04 23:01:15','2023-05-04 23:30:31'),(350,349,'flat.js','file',233,'done',NULL,1,NULL,0,'2023-05-04 23:01:15','2023-05-04 23:30:31'),(351,349,'flat_test.js','file',233,'done',NULL,1,NULL,0,'2023-05-04 23:01:15','2023-05-04 23:30:31'),(352,343,'map','folder',233,'done',NULL,0,NULL,0,'2023-05-04 23:01:16','2023-05-04 23:29:12'),(353,352,'map.js','file',233,'done',NULL,0,NULL,0,'2023-05-04 23:01:16','2023-05-04 23:29:12'),(354,352,'mapAsync.js','file',233,'done',NULL,0,NULL,0,'2023-05-04 23:01:17','2023-05-04 23:29:12'),(355,352,'map_ChgEle.js','file',233,'done',NULL,0,NULL,0,'2023-05-04 23:01:17','2023-05-04 23:29:12'),(356,352,'test1.txt','file',233,'done',NULL,0,NULL,0,'2023-05-04 23:01:18','2023-05-04 23:29:12'),(357,352,'test2.txt','file',233,'done',NULL,0,NULL,0,'2023-05-04 23:01:18','2023-05-04 23:29:12'),(358,352,'test3.txt','file',233,'done',NULL,0,NULL,0,'2023-05-04 23:01:18','2023-05-04 23:29:12'),(359,343,'reduce','folder',233,'done',NULL,0,NULL,0,'2023-05-04 23:01:18','2023-05-04 23:29:12'),(360,359,'findNoRepeat.js','file',233,'done',NULL,0,NULL,0,'2023-05-04 23:01:18','2023-05-04 23:29:12'),(361,359,'reduce.js','file',233,'done',NULL,0,NULL,0,'2023-05-04 23:01:19','2023-05-04 23:29:12'),(362,343,'slice','folder',233,'done',NULL,0,NULL,0,'2023-05-04 23:01:19','2023-05-04 23:29:12'),(363,362,'slice.js','file',233,'done',NULL,0,NULL,0,'2023-05-04 23:01:19','2023-05-04 23:29:12'),(364,343,'sort','folder',233,'done',NULL,0,NULL,0,'2023-05-04 23:01:19','2023-05-04 23:29:12'),(365,364,'sort.js','file',233,'done',NULL,0,NULL,0,'2023-05-04 23:01:19','2023-05-04 23:29:12'),(366,364,'sort_assignment.js','file',233,'done',NULL,0,NULL,0,'2023-05-04 23:01:20','2023-05-04 23:29:12'),(367,0,'Book','folder',242,'done',NULL,0,NULL,0,'2023-05-05 01:20:42','2023-05-05 01:20:42'),(368,367,'An Introduction to R.pdf','file',242,'done',NULL,0,NULL,0,'2023-05-05 01:20:42','2023-05-05 09:00:26'),(369,367,'An Introduction to Statistical Learning with Applications in R.pdf','file',242,'done',NULL,0,NULL,0,'2023-05-05 01:20:43','2023-05-05 09:00:28'),(370,367,'Practical Regression and Anova using R.pdf','file',242,'done',NULL,0,NULL,0,'2023-05-05 01:20:43','2023-05-05 09:00:44'),(371,367,'R for Beginners.pdf','file',242,'done',NULL,0,NULL,0,'2023-05-05 01:20:43','2023-05-05 09:00:46'),(372,367,'Using R for Intorductory Statistics.pdf','file',242,'done',NULL,0,NULL,0,'2023-05-05 01:20:43','2023-05-05 09:00:47'),(373,367,'Verzani-SimpleR.pdf','file',242,'done',NULL,0,NULL,0,'2023-05-05 01:20:44','2023-05-05 09:00:52'),(378,0,'VIDEO','folder',242,'done',NULL,0,NULL,0,'2023-05-05 01:29:59','2023-05-05 01:29:59'),(379,378,'video1.mp4','file',242,'done',NULL,0,NULL,0,'2023-05-05 01:29:59','2023-05-05 02:02:34'),(380,0,'StatsLearning+Lect3+4c+110613.mp4','file',242,'done',NULL,0,NULL,0,'2023-05-05 03:25:58','2023-05-05 03:25:58'),(381,0,'StatsLearning+Lect3+4a+110613.mp4','file',242,'done',NULL,0,NULL,0,'2023-05-05 03:50:46','2023-05-05 03:50:46'),(382,0,'StatsLearning+Lect11a+110913.mp4','file',242,'done',NULL,0,NULL,0,'2023-05-05 03:51:22','2023-05-05 03:51:22'),(383,0,'chinese folder','folder',242,'done',NULL,0,NULL,0,'2023-05-05 07:04:26','2023-05-05 07:04:26'),(384,383,'文件1.txt','file',242,'done',NULL,0,NULL,0,'2023-05-05 07:04:46','2023-05-05 07:20:28'),(385,383,'文件2.txt','file',242,'done',NULL,0,NULL,0,'2023-05-05 07:04:47','2023-05-05 07:36:56'),(386,383,'基本的保險觀念解說.pdf','file',242,'done',NULL,0,NULL,0,'2023-05-05 08:18:08','2023-05-05 08:18:08'),(387,383,'兩廳院售票_0327騙徒.pdf','file',242,'done',NULL,0,NULL,0,'2023-05-05 08:19:01','2023-05-05 08:19:01'),(388,45,'customerchat-0.0.1-swagger.yaml','file',2,'done',NULL,0,NULL,0,'2023-05-05 09:08:17','2023-05-05 09:08:17'),(389,45,'groupshopping-0.0.1-swagger.yaml','file',2,'done',NULL,0,NULL,0,'2023-05-05 09:08:17','2023-05-05 09:08:17'),(390,0,'中文資料夾','folder',1,'done',NULL,0,'fQid1F5JvCPDFSb',1,'2023-05-05 19:27:03','2023-05-05 19:27:03'),(391,390,'文件1.txt','file',1,'done',NULL,0,'9P3blkOE84suO3X',1,'2023-05-05 19:27:03','2023-05-05 19:27:03'),(392,390,'文件2.txt','file',1,'done',NULL,0,NULL,0,'2023-05-05 19:27:04','2023-05-05 19:27:04'),(395,0,'ByteByteGo_LinkedIn_PDF.pdf','file',234,'done',NULL,0,NULL,0,'2023-05-05 19:56:39','2023-05-05 20:01:48'),(396,0,'Designing_Distributed_Systems__Patterns_and_Paradigms_for_Scalable_Reliable_Services__PDFDrive_.pdf','file',234,'done',NULL,0,NULL,0,'2023-05-05 20:16:45','2023-05-05 20:16:45'),(397,30,'verylongverylongverylongverylongname12345678901234567890.txt','file',1,'done',NULL,0,NULL,0,'2023-05-06 04:35:36','2023-05-06 04:35:36'),(398,390,'[全端 Web App 開發] 學習地圖 - 2019.pdf','file',1,'done',NULL,0,NULL,0,'2023-05-07 01:21:37','2023-05-07 01:26:13'),(399,390,'C_handout.pdf','file',1,'done',NULL,0,NULL,0,'2023-05-07 01:34:46','2023-05-07 01:34:46');
/*!40000 ALTER TABLE `ff` ENABLE KEYS */;
UNLOCK TABLES;

--
-- Table structure for table `ff_delete`
--

DROP TABLE IF EXISTS `ff_delete`;
/*!40101 SET @saved_cs_client     = @@character_set_client */;
/*!50503 SET character_set_client = utf8mb4 */;
CREATE TABLE `ff_delete` (
  `id` bigint unsigned NOT NULL AUTO_INCREMENT,
  `ff_id` bigint unsigned NOT NULL,
  `deleted_at` timestamp NOT NULL,
  PRIMARY KEY (`id`),
  KEY `ff_id` (`ff_id`),
  CONSTRAINT `ff_delete_ibfk_1` FOREIGN KEY (`ff_id`) REFERENCES `ff` (`id`) ON DELETE CASCADE
) ENGINE=InnoDB AUTO_INCREMENT=318 DEFAULT CHARSET=utf8mb4 COLLATE=utf8mb4_0900_ai_ci;
/*!40101 SET character_set_client = @saved_cs_client */;

--
-- Dumping data for table `ff_delete`
--

LOCK TABLES `ff_delete` WRITE;
/*!40000 ALTER TABLE `ff_delete` DISABLE KEYS */;
INSERT INTO `ff_delete` VALUES (204,254,'2023-04-30 01:53:02'),(205,254,'2023-04-30 02:05:41'),(207,183,'2023-04-30 02:14:23'),(209,235,'2023-05-01 02:03:35'),(210,187,'2023-05-01 02:04:01'),(211,259,'2023-05-01 07:41:25'),(217,265,'2023-05-01 23:26:06'),(219,279,'2023-05-03 16:54:19'),(220,278,'2023-05-03 16:54:35'),(221,277,'2023-05-03 16:54:35'),(223,43,'2023-05-03 19:18:04'),(224,44,'2023-05-03 19:18:04'),(225,18,'2023-05-03 20:50:45'),(226,105,'2023-05-03 20:50:45'),(227,17,'2023-05-03 20:50:45'),(228,54,'2023-05-03 20:50:45'),(229,258,'2023-05-03 21:04:28'),(230,281,'2023-05-03 21:15:24'),(231,166,'2023-05-03 21:16:52'),(232,167,'2023-05-03 21:16:52'),(233,213,'2023-05-03 21:17:02'),(234,311,'2023-05-04 07:25:08'),(257,330,'2023-05-04 21:39:15'),(260,330,'2023-05-04 21:50:04'),(261,337,'2023-05-04 22:36:59'),(262,360,'2023-05-04 23:06:59'),(263,361,'2023-05-04 23:06:59'),(264,359,'2023-05-04 23:06:59'),(265,363,'2023-05-04 23:06:59'),(266,362,'2023-05-04 23:06:59'),(267,365,'2023-05-04 23:06:59'),(268,366,'2023-05-04 23:06:59'),(269,364,'2023-05-04 23:06:59'),(270,344,'2023-05-04 23:08:46'),(271,335,'2023-05-04 23:23:43'),(272,360,'2023-05-04 23:23:54'),(273,361,'2023-05-04 23:23:54'),(274,359,'2023-05-04 23:23:54'),(275,363,'2023-05-04 23:23:54'),(276,362,'2023-05-04 23:23:54'),(277,365,'2023-05-04 23:23:54'),(278,366,'2023-05-04 23:23:54'),(279,364,'2023-05-04 23:23:54'),(280,344,'2023-05-04 23:29:00'),(285,350,'2023-05-04 23:29:00'),(286,351,'2023-05-04 23:29:00'),(287,349,'2023-05-04 23:29:00'),(288,353,'2023-05-04 23:29:00'),(289,354,'2023-05-04 23:29:00'),(290,355,'2023-05-04 23:29:00'),(291,356,'2023-05-04 23:29:00'),(292,357,'2023-05-04 23:29:00'),(293,358,'2023-05-04 23:29:00'),(294,352,'2023-05-04 23:29:00'),(295,360,'2023-05-04 23:29:00'),(296,361,'2023-05-04 23:29:00'),(297,359,'2023-05-04 23:29:00'),(298,363,'2023-05-04 23:29:00'),(299,362,'2023-05-04 23:29:00'),(300,365,'2023-05-04 23:29:00'),(301,366,'2023-05-04 23:29:00'),(302,364,'2023-05-04 23:29:00'),(303,343,'2023-05-04 23:29:00'),(308,350,'2023-05-04 23:30:31'),(309,351,'2023-05-04 23:30:31'),(310,349,'2023-05-04 23:30:31'),(313,329,'2023-05-05 10:13:36'),(316,395,'2023-05-05 20:01:37'),(317,317,'2023-05-06 05:16:57');
/*!40000 ALTER TABLE `ff_delete` ENABLE KEYS */;
UNLOCK TABLES;

--
-- Table structure for table `file_ver`
--

DROP TABLE IF EXISTS `file_ver`;
/*!40101 SET @saved_cs_client     = @@character_set_client */;
/*!50503 SET character_set_client = utf8mb4 */;
CREATE TABLE `file_ver` (
  `id` bigint unsigned NOT NULL AUTO_INCREMENT,
  `ff_id` bigint unsigned NOT NULL,
  `ver` bigint unsigned NOT NULL,
  `size` bigint unsigned NOT NULL,
  `is_current` tinyint NOT NULL,
  `updated_at` timestamp NOT NULL,
  `operation` varchar(8) NOT NULL,
  PRIMARY KEY (`id`),
  KEY `ff_id` (`ff_id`),
  CONSTRAINT `file_ver_ibfk_1` FOREIGN KEY (`ff_id`) REFERENCES `ff` (`id`) ON DELETE CASCADE
) ENGINE=InnoDB AUTO_INCREMENT=594 DEFAULT CHARSET=utf8mb4 COLLATE=utf8mb4_0900_ai_ci;
/*!40101 SET character_set_client = @saved_cs_client */;

--
-- Dumping data for table `file_ver`
--

LOCK TABLES `file_ver` WRITE;
/*!40000 ALTER TABLE `file_ver` DISABLE KEYS */;
INSERT INTO `file_ver` VALUES (12,18,1,461,0,'2023-04-19 19:06:04','added'),(14,21,1,1754,1,'2023-04-19 19:06:12','added'),(31,31,1,13,1,'2023-04-19 23:03:02','added'),(35,38,1,1733,1,'2023-04-19 23:03:03','added'),(36,40,1,461,1,'2023-04-19 23:06:43','added'),(38,42,1,181,1,'2023-04-19 23:06:44','added'),(40,44,1,13,0,'2023-04-19 23:07:05','added'),(49,54,1,1596,0,'2023-04-21 05:53:24','added'),(57,57,1,1733,1,'2023-04-21 08:15:37','added'),(58,59,1,461,1,'2023-04-21 08:15:38','added'),(59,60,1,3508,1,'2023-04-21 08:15:38','added'),(60,61,1,181,1,'2023-04-21 08:15:38','added'),(61,62,1,17,1,'2023-04-21 08:15:42','added'),(62,63,1,8,1,'2023-04-21 08:15:42','added'),(69,70,1,17421,1,'2023-04-21 08:28:51','added'),(70,71,1,10259,1,'2023-04-21 08:28:52','added'),(71,72,1,15924,1,'2023-04-21 08:28:52','added'),(85,84,1,401955,1,'2023-04-23 01:40:58','added'),(92,92,1,116847,1,'2023-04-23 08:52:40','added'),(97,97,1,3,1,'2023-04-23 23:50:51','added'),(98,98,1,3,1,'2023-04-23 23:50:52','added'),(99,101,1,3,1,'2023-04-24 00:10:26','added'),(100,102,1,3,1,'2023-04-24 00:10:26','added'),(101,103,1,3,1,'2023-04-24 00:10:26','added'),(102,104,1,3,1,'2023-04-24 00:10:27','added'),(104,105,1,557,0,'2023-04-24 01:47:32','added'),(106,108,1,3695455,1,'2023-04-24 08:09:36','added'),(133,116,1,2538125,1,'2023-04-25 01:38:18','added'),(240,155,1,10,1,'2023-04-25 23:53:37','added'),(277,156,9,58,1,'2023-04-26 01:04:56','updated'),(279,158,9,72,1,'2023-04-26 01:04:56','updated'),(291,166,1,4546,0,'2023-04-26 07:56:50','added'),(293,169,1,3,1,'2023-04-26 07:57:15','added'),(294,170,1,3,1,'2023-04-26 07:57:16','added'),(304,167,3,13,1,'2023-04-26 08:41:46','restored'),(310,179,1,27,1,'2023-04-26 08:52:17','added'),(311,112,18,2377723,1,'2023-04-26 08:58:50','restored'),(312,180,1,3,1,'2023-04-26 09:00:45','added'),(313,181,1,6827620,1,'2023-04-26 09:01:12','added'),(316,182,3,548249,1,'2023-04-26 20:12:46','updated'),(317,183,1,266464,0,'2023-04-26 20:30:00','added'),(318,183,2,266464,0,'2023-04-26 20:30:46','updated'),(330,195,1,3,1,'2023-04-26 23:18:05','added'),(331,197,1,238078,1,'2023-04-26 23:18:24','added'),(332,198,1,782879,1,'2023-04-26 23:18:24','added'),(333,199,1,225793,1,'2023-04-26 23:18:24','added'),(336,202,1,13,1,'2023-04-26 23:27:52','added'),(343,206,4,13,1,'2023-04-27 00:40:36','updated'),(345,208,1,401955,1,'2023-04-27 08:45:32','added'),(352,213,1,4,1,'2023-04-28 02:05:00','added'),(355,214,3,58,1,'2023-04-28 08:38:50','updated'),(356,215,1,13,0,'2023-04-28 08:42:49','added'),(357,43,4,10,0,'2023-04-28 18:37:37','restored'),(359,41,3,3508,1,'2023-04-28 18:38:16','restored'),(360,212,2,21,1,'2023-04-28 18:40:10','restored'),(367,226,1,12319,1,'2023-04-28 23:09:08','added'),(368,234,1,13,1,'2023-04-29 00:47:16','added'),(369,235,1,27,1,'2023-04-29 01:58:27','added'),(370,236,1,58,1,'2023-04-29 01:59:00','added'),(371,237,1,181,1,'2023-04-29 07:18:43','added'),(372,238,1,493,1,'2023-04-29 07:19:48','added'),(376,113,7,6101876,1,'2023-04-29 08:02:23','restored'),(377,239,1,58,0,'2023-04-29 19:47:52','added'),(380,144,6,58,0,'2023-04-29 19:59:39','restored'),(390,252,1,73,1,'2023-04-30 01:12:46','added'),(395,254,1,129421,0,'2023-04-30 01:41:04','added'),(396,254,2,129421,0,'2023-04-30 01:55:14','restored'),(398,187,3,182187,1,'2023-04-30 03:04:26','restored'),(400,157,13,73,0,'2023-05-01 01:24:35','updated'),(401,157,14,88,1,'2023-05-01 01:25:09','updated'),(402,254,3,129421,1,'2023-05-01 01:30:29','restored'),(403,183,3,266464,1,'2023-05-01 02:04:07','restored'),(404,239,2,88,0,'2023-05-01 07:30:59','updated'),(405,257,1,88,1,'2023-05-01 07:31:54','added'),(406,258,1,7214054,0,'2023-05-01 07:34:09','added'),(407,259,1,439021,0,'2023-05-01 07:35:19','added'),(408,44,2,73,0,'2023-05-01 07:37:46','updated'),(409,144,7,88,0,'2023-05-01 07:38:27','updated'),(410,260,1,12319,1,'2023-05-01 07:38:50','added'),(411,239,3,88,0,'2023-05-01 07:39:01','updated'),(412,215,2,13,0,'2023-05-01 07:39:18','updated'),(415,263,1,8270,1,'2023-05-01 21:12:21','added'),(416,264,1,4546,1,'2023-05-01 21:18:13','added'),(417,265,1,66284,1,'2023-05-01 23:25:28','added'),(424,275,1,4022978,1,'2023-05-03 05:47:53','added'),(425,278,1,3,0,'2023-05-03 08:06:42','added'),(426,279,1,3,0,'2023-05-03 08:06:43','added'),(427,278,2,3,1,'2023-05-03 16:54:56','restored'),(428,279,2,3,1,'2023-05-03 16:54:56','restored'),(429,281,1,479529,0,'2023-05-03 17:39:13','added'),(445,305,1,11562591,1,'2023-05-03 18:21:33','added'),(448,215,3,13,0,'2023-05-03 19:14:18','restored'),(449,44,3,13,0,'2023-05-03 19:16:17','restored'),(450,43,5,10,0,'2023-05-03 20:49:42','restored'),(451,44,4,13,1,'2023-05-03 20:49:42','restored'),(452,18,2,461,1,'2023-05-03 20:51:00','restored'),(453,105,2,557,1,'2023-05-03 20:51:00','restored'),(454,54,2,1596,1,'2023-05-03 20:51:00','restored'),(455,239,4,58,1,'2023-05-03 21:04:19','restored'),(456,258,2,7214054,1,'2023-05-03 21:05:14','restored'),(457,259,2,439021,1,'2023-05-03 21:05:59','restored'),(458,281,2,479529,1,'2023-05-03 21:15:33','restored'),(459,144,8,88,0,'2023-05-04 01:40:07','updated'),(460,144,9,88,1,'2023-05-04 01:40:16','updated'),(461,311,1,88,1,'2023-05-04 02:27:37','added'),(462,312,1,88,1,'2023-05-04 02:27:41','added'),(463,313,1,88,1,'2023-05-04 02:27:45','added'),(464,166,2,4546,1,'2023-05-04 07:25:14','restored'),(465,43,6,10,1,'2023-05-04 07:26:10','restored'),(467,315,1,11861699,1,'2023-05-04 08:22:54','added'),(468,316,1,12338149,1,'2023-05-04 08:23:14','added'),(469,317,1,9433354,1,'2023-05-04 08:26:20','added'),(470,318,1,3131153,1,'2023-05-04 08:28:55','added'),(480,329,1,11228548,0,'2023-05-04 19:21:12','added'),(481,330,1,17819536,0,'2023-05-04 19:24:32','added'),(486,330,2,17819536,0,'2023-05-04 20:51:23','updated'),(487,333,1,7,0,'2023-05-04 21:05:37','added'),(490,330,3,17819536,0,'2023-05-04 21:40:46','restored'),(491,335,1,1,0,'2023-05-04 21:42:12','added'),(493,337,1,3131153,0,'2023-05-04 21:46:07','added'),(494,338,1,9433354,1,'2023-05-04 21:49:42','added'),(495,333,2,7,0,'2023-05-04 22:21:15','updated'),(496,333,3,7,0,'2023-05-04 22:35:51','restored'),(497,333,4,7,0,'2023-05-04 22:36:22','restored'),(498,333,5,7,1,'2023-05-04 22:36:46','restored'),(499,337,2,3131153,1,'2023-05-04 22:37:04','restored'),(500,339,1,436919,1,'2023-05-04 22:59:13','added'),(501,340,1,399570,1,'2023-05-04 22:59:14','added'),(502,341,1,439021,1,'2023-05-04 22:59:15','added'),(503,342,1,402761,1,'2023-05-04 22:59:16','added'),(504,344,1,149,0,'2023-05-04 23:01:14','added'),(507,350,1,461,0,'2023-05-04 23:01:15','added'),(508,351,1,555,0,'2023-05-04 23:01:15','added'),(509,353,1,3508,0,'2023-05-04 23:01:16','added'),(510,354,1,1503,0,'2023-05-04 23:01:17','added'),(511,355,1,517,0,'2023-05-04 23:01:17','added'),(512,356,1,9,0,'2023-05-04 23:01:18','added'),(513,357,1,5,0,'2023-05-04 23:01:18','added'),(514,358,1,9,0,'2023-05-04 23:01:18','added'),(515,360,1,253,0,'2023-05-04 23:01:18','added'),(516,361,1,1131,0,'2023-05-04 23:01:19','added'),(517,363,1,181,0,'2023-05-04 23:01:19','added'),(518,365,1,1007,0,'2023-05-04 23:01:19','added'),(519,366,1,414,0,'2023-05-04 23:01:20','added'),(520,344,2,149,0,'2023-05-04 23:10:41','restored'),(521,360,2,253,0,'2023-05-04 23:19:59','restored'),(522,361,2,1131,0,'2023-05-04 23:19:59','restored'),(523,363,2,181,0,'2023-05-04 23:21:41','restored'),(524,365,2,1007,0,'2023-05-04 23:23:05','restored'),(525,366,2,414,0,'2023-05-04 23:23:05','restored'),(526,365,3,1007,0,'2023-05-04 23:27:05','restored'),(527,366,3,414,0,'2023-05-04 23:27:05','restored'),(528,360,3,253,0,'2023-05-04 23:27:33','restored'),(529,361,3,1131,0,'2023-05-04 23:27:33','restored'),(530,363,3,181,0,'2023-05-04 23:28:26','restored'),(531,335,2,1,1,'2023-05-04 23:29:12','restored'),(532,344,3,149,1,'2023-05-04 23:29:12','restored'),(535,350,2,461,1,'2023-05-04 23:29:12','restored'),(536,351,2,555,1,'2023-05-04 23:29:12','restored'),(537,353,2,3508,1,'2023-05-04 23:29:12','restored'),(538,354,2,1503,1,'2023-05-04 23:29:12','restored'),(539,355,2,517,1,'2023-05-04 23:29:12','restored'),(540,356,2,9,1,'2023-05-04 23:29:12','restored'),(541,357,2,5,1,'2023-05-04 23:29:12','restored'),(542,358,2,9,1,'2023-05-04 23:29:12','restored'),(543,360,4,253,1,'2023-05-04 23:29:12','restored'),(544,361,4,1131,1,'2023-05-04 23:29:12','restored'),(545,363,4,181,1,'2023-05-04 23:29:12','restored'),(546,365,4,1007,1,'2023-05-04 23:29:12','restored'),(547,366,4,414,1,'2023-05-04 23:29:12','restored'),(548,330,4,17819536,1,'2023-05-04 23:41:44','restored'),(549,368,1,628577,0,'2023-05-05 01:20:42','added'),(550,369,1,9433354,0,'2023-05-05 01:20:43','added'),(551,370,1,1038824,0,'2023-05-05 01:20:43','added'),(552,371,1,542401,0,'2023-05-05 01:20:43','added'),(553,372,1,3131153,0,'2023-05-05 01:20:43','added'),(554,373,1,2231104,0,'2023-05-05 01:20:44','added'),(557,379,1,20585414,0,'2023-05-05 01:29:59','added'),(559,379,2,20585414,0,'2023-05-05 02:00:48','updated'),(560,379,3,20585414,1,'2023-05-05 02:02:34','updated'),(561,380,1,17456219,1,'2023-05-05 03:25:58','added'),(562,381,1,20585414,1,'2023-05-05 03:50:46','added'),(563,382,1,21724346,1,'2023-05-05 03:51:22','added'),(564,384,1,3,0,'2023-05-05 07:04:46','added'),(565,385,1,3,0,'2023-05-05 07:04:47','added'),(566,384,2,3,1,'2023-05-05 07:20:28','updated'),(567,385,2,3,1,'2023-05-05 07:36:56','updated'),(568,386,1,457980,1,'2023-05-05 08:18:08','added'),(569,387,1,654388,1,'2023-05-05 08:19:01','added'),(570,368,2,628577,1,'2023-05-05 09:00:26','updated'),(571,369,2,9433354,1,'2023-05-05 09:00:28','updated'),(572,370,2,1038824,1,'2023-05-05 09:00:44','updated'),(573,371,2,542401,1,'2023-05-05 09:00:46','updated'),(574,372,2,3131153,1,'2023-05-05 09:00:47','updated'),(575,373,2,2231104,1,'2023-05-05 09:00:52','updated'),(576,388,1,6744,1,'2023-05-05 09:08:17','added'),(577,389,1,6136,1,'2023-05-05 09:08:17','added'),(578,329,2,11228548,1,'2023-05-05 10:14:08','restored'),(579,391,1,3,1,'2023-05-05 19:27:03','added'),(580,392,1,3,1,'2023-05-05 19:27:04','added'),(583,395,1,39603891,0,'2023-05-05 19:56:39','added'),(584,395,2,39603891,1,'2023-05-05 20:01:48','added'),(585,396,1,6922568,1,'2023-05-05 20:16:45','added'),(586,397,1,10,1,'2023-05-06 04:35:36','added'),(587,398,1,3850222,0,'2023-05-07 01:21:37','added'),(588,398,2,3850222,0,'2023-05-07 01:22:17','updated'),(589,398,3,3850222,0,'2023-05-07 01:23:08','updated'),(590,398,4,3850222,0,'2023-05-07 01:25:24','updated'),(591,398,5,3850222,1,'2023-05-07 01:26:13','updated'),(592,399,1,266464,1,'2023-05-07 01:34:46','added'),(593,215,4,13,1,'2023-05-07 01:45:24','updated');
/*!40000 ALTER TABLE `file_ver` ENABLE KEYS */;
UNLOCK TABLES;

--
-- Table structure for table `share_link_perm`
--

DROP TABLE IF EXISTS `share_link_perm`;
/*!40101 SET @saved_cs_client     = @@character_set_client */;
/*!50503 SET character_set_client = utf8mb4 */;
CREATE TABLE `share_link_perm` (
  `id` bigint unsigned NOT NULL AUTO_INCREMENT,
  `ff_id` bigint unsigned NOT NULL,
  `has_access` bigint unsigned NOT NULL,
  `created_at` timestamp NOT NULL,
  `is_read` tinyint NOT NULL DEFAULT '0',
  PRIMARY KEY (`id`),
  KEY `ff_id` (`ff_id`),
  KEY `has_access` (`has_access`),
  CONSTRAINT `share_link_perm_ibfk_1` FOREIGN KEY (`ff_id`) REFERENCES `ff` (`id`) ON DELETE CASCADE,
  CONSTRAINT `share_link_perm_ibfk_2` FOREIGN KEY (`has_access`) REFERENCES `user` (`id`) ON DELETE CASCADE
) ENGINE=InnoDB AUTO_INCREMENT=68 DEFAULT CHARSET=utf8mb4 COLLATE=utf8mb4_0900_ai_ci;
/*!40101 SET character_set_client = @saved_cs_client */;

--
-- Dumping data for table `share_link_perm`
--

LOCK TABLES `share_link_perm` WRITE;
/*!40000 ALTER TABLE `share_link_perm` DISABLE KEYS */;
INSERT INTO `share_link_perm` VALUES (11,20,2,'2023-04-21 03:49:30',1),(12,20,3,'2023-04-21 03:49:30',1),(40,97,1,'2023-04-24 02:02:37',1),(46,195,235,'2023-04-28 19:22:24',1),(54,202,1,'2023-04-29 20:22:51',1),(55,202,2,'2023-04-30 06:32:44',1),(57,182,2,'2023-04-30 06:45:06',1),(60,144,2,'2023-04-30 22:52:49',1),(61,144,3,'2023-04-30 22:52:49',1),(62,144,233,'2023-04-30 22:53:02',1),(63,108,2,'2023-04-30 23:15:16',1),(64,116,3,'2023-04-30 23:34:53',1),(65,263,2,'2023-05-01 21:12:33',1),(66,264,2,'2023-05-01 21:18:28',1),(67,258,2,'2023-05-04 01:31:22',1);
/*!40000 ALTER TABLE `share_link_perm` ENABLE KEYS */;
UNLOCK TABLES;

--
-- Table structure for table `user`
--

DROP TABLE IF EXISTS `user`;
/*!40101 SET @saved_cs_client     = @@character_set_client */;
/*!50503 SET character_set_client = utf8mb4 */;
CREATE TABLE `user` (
  `id` bigint unsigned NOT NULL AUTO_INCREMENT,
  `email` varchar(255) COLLATE utf8mb4_0900_bin NOT NULL,
  `password` varchar(255) COLLATE utf8mb4_0900_bin NOT NULL,
  `name` varchar(255) COLLATE utf8mb4_0900_bin NOT NULL,
  `plan` tinyint unsigned NOT NULL,
  `allocated` bigint unsigned NOT NULL,
  `used` bigint unsigned NOT NULL,
  `created_at` timestamp NOT NULL,
  `updated_at` timestamp NOT NULL,
  PRIMARY KEY (`id`),
  UNIQUE KEY `email` (`email`)
) ENGINE=InnoDB AUTO_INCREMENT=243 DEFAULT CHARSET=utf8mb4 COLLATE=utf8mb4_0900_bin;
/*!40101 SET character_set_client = @saved_cs_client */;

--
-- Dumping data for table `user`
--

LOCK TABLES `user` WRITE;
/*!40000 ALTER TABLE `user` DISABLE KEYS */;
INSERT INTO `user` VALUES (1,'dev1@gmail.com','$argon2id$v=19$m=65536,t=3,p=4$F/Y4lDeirRo9dg3MJzt7vA$wEdDJgcCrMm/csN4YOLl5NSBJ7e6errZxjeFBUiyq7c','dev1',1,52428800,45783004,'2023-04-19 18:55:38','2023-05-07 01:45:24'),(2,'dev2@gmail.com','$argon2id$v=19$m=65536,t=3,p=4$BIHd8Hj/7Po+9x+uC4xnbQ$hj8kMXO/YixPx2/5HWxiadVNHBcprd9JNE8L9Ul/WGI','dev2',1,52428800,11241664,'2023-04-19 23:33:53','2023-05-05 17:49:30'),(3,'dev3@gmail.com','$argon2id$v=19$m=65536,t=3,p=4$Ig3EWheN59J/Fvv9mfrPng$GvT1jonNkwAuRI/hM+8nLQpeAvUUaMzsrhIRjrjbuaQ','dev3',1,52428800,31403518,'2023-04-20 01:45:34','2023-05-06 07:22:03'),(233,'dev4@gmail.com','$argon2id$v=19$m=65536,t=3,p=4$o9dUP11E73VBgB5sGl2+aw$lTNmFY/mbZM50D3Gt/JbN5KYFz1y7Eh4jnY95kqWfjs','dev4',1,52428800,32187855,'2023-04-23 08:51:53','2023-05-04 23:41:44'),(234,'dev5@gmail.com','$argon2id$v=19$m=65536,t=3,p=4$Er997SBAsoK7+mFTLt3a5Q$flK3XmsStlKLHhhgC24Ai2ok3AptGsiGXIi/zN8Y2E0','dev5',1,52428800,48175253,'2023-04-26 19:55:48','2023-05-06 04:38:04'),(235,'dev6@gmail.com','$argon2id$v=19$m=65536,t=3,p=4$uskpD4rGYYfSPXZkOpAmFg$mKmn67VzUYy8FHcvFgPXGn+6IHyGOBRvPA8jNWZahIg','dev6',1,1048576,956537,'2023-04-26 19:58:07','2023-05-01 02:04:07'),(236,'dev7@gmail.com','$argon2id$v=19$m=65536,t=3,p=4$I6H+HbheA+TcooAZ8dEPlA$Wte27/9HWJnMci0pZlPVauUWLeO+n0BXCvO36acJkJ4','dev7',1,1048576,0,'2023-05-01 21:11:22','2023-05-01 21:11:22'),(237,'dev8@gmail.com','$argon2id$v=19$m=65536,t=3,p=4$GkwlDOfNfQm7Y8B1LVhv0Q$ELwgUZE99YLbLz8fSDD7Rd5jB23vTWUEw+wYnALe5xk','dev8',1,1048576,8270,'2023-05-01 21:11:52','2023-05-01 21:12:21'),(238,'dev9@gmail.com','$argon2id$v=19$m=65536,t=3,p=4$mibeVfA02RWnCoyqcBTk0w$eM7N4vbDVEEIVYs7Ouxb00deR+Odl90R7TuIwWoc2SY','dev9',1,1048576,4546,'2023-05-01 21:17:41','2023-05-05 08:45:41'),(239,'dev11@gmail.com','$argon2id$v=19$m=65536,t=3,p=4$yB6RuRygZ+F6j/MMlDx8ZA$C4X8e4iI0+/xw7lZOerkZseqD81l21mou5Z3Eb+B4q0','dev11',1,1048576,66284,'2023-05-01 23:25:20','2023-05-01 23:25:28'),(242,'dev10@gmail.com','$argon2id$v=19$m=65536,t=3,p=4$mA90/iWkAw/h1TVfAulOIg$maXREY/yajjmedxOmJ6DUvuKYJbdFLufWU8x2NeeSmc','dev10',1,524288000,98469180,'2023-05-05 01:15:32','2023-05-05 09:00:56');
/*!40000 ALTER TABLE `user` ENABLE KEYS */;
UNLOCK TABLES;
/*!40103 SET TIME_ZONE=@OLD_TIME_ZONE */;

/*!40101 SET SQL_MODE=@OLD_SQL_MODE */;
/*!40014 SET FOREIGN_KEY_CHECKS=@OLD_FOREIGN_KEY_CHECKS */;
/*!40014 SET UNIQUE_CHECKS=@OLD_UNIQUE_CHECKS */;
/*!40101 SET CHARACTER_SET_CLIENT=@OLD_CHARACTER_SET_CLIENT */;
/*!40101 SET CHARACTER_SET_RESULTS=@OLD_CHARACTER_SET_RESULTS */;
/*!40101 SET COLLATION_CONNECTION=@OLD_COLLATION_CONNECTION */;
/*!40111 SET SQL_NOTES=@OLD_SQL_NOTES */;

-- Dump completed on 2023-05-09  9:36:45
